name,tag,x00,y00,x01,y01,x02,y02,x03,y03,x04,y04,x05,y05,x06,y06,x07,y07,x08,y08,x09,y09,x10,y10,x11,y11,x12,y12,x13,y13,x14,y14,x15,y15,x16,y16,x17,y17,x18,y18,x19,y19,x20,y20,x21,y21,x22,y22,x23,y23,x24,y24,x25,y25,x26,y26,x27,y27,x28,y28,x29,y29,x30,y30,x31,y31,x32,y32,x33,y33,x34,y34,x35,y35,x36,y36,x37,y37,x38,y38,x39,y39,x40,y40,x41,y41,x42,y42,x43,y43,x44,y44,x45,y45,x46,y46,x47,y47,x48,y48,x49,y49,x50,y50,x51,y51,x52,y52,x53,y53,x54,y54,x55,y55,x56,y56,x57,y57,x58,y58,x59,y59,x60,y60,x61,y61,x62,y62,x63,y63,x64,y64,x65,y65,x66,y66,x67,y67,x68,y68,x69,y69,x70,y70,x71,y71,x72,y72,x73,y73,x74,y74,x75,y75
i000qa-fn,0,201,348,201,381,202,408,209,435,224,461,241,483,264,498,292,501,319,493,338,470,353,448,363,423,367,395,366,371,357,344,355,316,340,311,325,318,309,328,327,324,342,317,217,328,231,323,250,327,269,333,251,334,233,331,229,345,240,337,262,349,242,352,241,344,346,337,330,330,318,341,334,344,330,336,280,344,278,381,264,399,273,406,293,409,316,399,321,392,304,376,296,342,279,402,310,399,251,431,268,427,284,425,293,425,302,423,316,425,329,426,320,442,309,451,295,454,278,452,263,442,277,440,293,442,313,437,313,429,293,432,277,431,293,436,295,395,234.5,341,251,343,252,350.5,235.5,348.5,338,333.5,324,335.5,326,342.5,340,340.5
i001qa-mn,0,162,368,165,399,172,421,178,456,191,478,208,497,230,512,261,518,298,512,325,492,338,473,352,451,356,415,356,388,358,357,328,339,312,326,293,325,274,336,293,335,312,336,176,347,190,334,209,333,229,343,212,342,191,343,193,365,206,356,223,364,208.2,368.7,208.5,361.5,316,357,301,350,286,360,304,362,301,355,242,357,238,386,225,406,231,419,254,419,279,417,290,399,267,380,263,356,238,412,271,410,222,455,234,446,248,443,257,445,266,441,281,445,299,452,286,465,275,469,259,472,244,470,232,464,242,458,258,459,275,457,275,451,258,454,242,453,258,455,254,401,199.5,360.5,214.5,360,215.6,366.3,200.6,366.9,308.5,353.5,293.5,355,295,361,310,359.5
i002qa-mn,0,224,289,224,323,223,347,227,382,245,413,267,437,293,458,329,470,360,456,381,436,395,412,411,381,416,347,418,322,418,293,403,276,387,261,367,261,351,274,368,272,384,272,254,276,271,262,292,260,311,272,292,271,272,271,271,291,286.2,287.2,298,294,285.7,296.1,286,291,387.2,294.1,374,288,357,294,373,299,375,292,322,291,321,321,303,335,307,348,334,358,358,352,365,335,347,318,342,292,315,349,353,351,279,373,305,370,321,372,330,373,345,372,353,373,371,377,359,391,347,397,332,399,314,394,295,387,312,390,329,391,348,391,347,378,330,379,312,375,329,384,338,341,278.6,289.1,292.1,290.6,291.9,295,278.3,293.5,380.6,291,365.5,291,365,296.5,380.1,296.5
i003qa-fn,0,182,429,182,456,187,478,196,506,211,529,229,546,257,559,287,563,310,556,324,543,341,529,354,505,361,474,362,448,359,412,337,391,321,386,306,390,291,404,307,398,322,394,208,404,223,396,240,398,258,407,239,404,222,402,212,430,230,419,253,429,233,436,240,428,338,418,321,411,301,422,321,427,326,419,266,426,267,453,256,468,266,478,281,482,300,475,305,464,290,449,284,425,268,474,293,472,246,509,261,500,274,496,282,498,290,494,302,496,318,498,306,513,295,520,282,521,266,521,255,516,266,509,282,509,297,505,297,501,282,506,266,506,282,507,281,463,221,424.5,241.5,424,243,432.5,222.5,433,329.5,414.5,311,416.5,311,424.5,329.5,422.5
i004qa-mn,0,182,258,187,289,185,312,190,348,205,380,231,405,265,426,299,434,329,424,358,401,382,382,396,347,397,313,396,282,396,248,375,232,357,217,335,217,316,231,336,229,358,227,204,240,224,222,250,220,273,234,249,234,225,235,226,257,242,248,263,258,244.3,260.5,242,253,361,252,344,245,327,253,347,257,345,250,282,248,281,274,260,298,269,313,297,317,324,313,333,299,307,273,304,247,276,306,314,306,254,352,273,338,288,335,297,337,305,333,320,339,337,350,324,361,311,366,298,367,280,366,268,362,276,352,297,353,312,351,312,349,297,348,276,348,297,349,295,298,234,252.5,252.5,253,253.7,259.2,235.2,258.8,352.5,248.5,335.5,249,337,255,354,254.5
i005qa-fn,0,175,363,179,395,182,416,187,449,210,483,229,503,264,516,305,523,337,515,358,496,378,476,388,448,397,409,401,383,397,352,374,323,358,310,340,310,319,314,341,319,358,317,204,332,221,314,246,311,268,319,244,319,222,320,223,357,242,344,266,352,244.8,359.9,242,349,360,352,344,340,322,350,344,358,344,347,280,346,282,375,259,398,273,409,301,409,327,406,335,397,311,367,307,343,281,398,318,397,262,452,278,436,296,431,303,432,311,429,327,430,343,445,334,463,321,470,306,473,286,471,272,466,287,455,303,456,321,454,320,443,303,445,287,445,303,450,300,388,232.5,350.5,254,348,255.4,356,233.9,358.5,352,346,333,345,333,354,352,355
i006qa-mn,0,146,301,144,332,145,360,152,401,169,423,197,445,226,461,263,465,294,457,314,440,333,425,347,399,355,365,353,333,352,299,336,292,326,273,304,271,283,285,305,285,322,287,176,288,194,271,219,268,241,283,219,283,198,283,198,300,212,294,231,300,214,302,211,298,323,304,307.2,295.4,291,303,308,306,310,300,252,299,252,331,227,350,239,365,265,371,290,364,296,356,275,329,271,298,244,362,284,363,224,395,241,387,256,386,264,386,271,385,284,387,297,392,294,408,280,420,266,421,248,419,233,412,243,405,264,408,281,403,280,393,264,395,244,393,264,400,266,356,205,297,221.5,297,222.5,301,206,301,315.1,299.7,299.1,299.2,299.5,304.5,315.5,305
i007qa-fn,0,185,406,184,433,187,453,194,481,210,512,235,528,263,537,299,542,327,533,347,521,363,505,372,478,372,447,373,419,370,386,358,373,342,360,320,364,303,375,323,369,341,366,206,388,220,372,245,369,269,380,244,377,223,379,227,402,242,391,259,399,244,404,242,395,342,391,324,384,311,393,328,396,324,390,275,396,275,422,261,440,274,451,294,449,311,448,317,438,299,418,295,394,279,442,305,439,262,482,276,472,288,470,295,470,302,469,314,468,327,475,319,487,309,493,297,496,283,495,272,493,278,482,295,482,309,479,309,476,295,478,278,479,295,480,292,429,234.5,396.5,250.5,395,251.5,401.5,235.5,403,333,387.5,317.5,388.5,319.5,394.5,335,393.5
i008qa-mn,0,163,396,164,427,166,451,173,484,192,512,213,532,241,555,273,561,303,549,321,528,335,507,349,483,358,444,359,413,352,379,342,359,324,345,300,347,283,362,304,362,324,359,181,373,198,355,220,353,244,366,222,367,200,367,197,391,213,381,231,388,215,393.2,215,385,327,381,312,374,296,383,313,386,311,379,253,384,252,422,234,440,241,450,272,454,292,448,300,439,281,416,274,382,251,447,289,445,219,477,241,466,259,463,271,463,281,461,297,463,320,469,311,490,292,509,272,513,249,507,230,496,249,494,272,500,296,491,295,468,271,473,249,471,270,484,270,443,205,386,222,384.5,223,390.6,206,392.1,319.5,377.5,304,378.5,304.5,384.5,320,383.5
i009qa-mn,0,167,366,162,398,164,431,172,464,188,495,211,517,240,529,271,532,304,526,330,506,349,489,361,463,369,419,369,394,366,360,353,338,333,321,307,327,286,342,311,341,333,335,179,347,197,327,223,328,256,347,226,345,203,342,198,366,218,354,238,363,219.5,369.7,219.2,361.7,335,359,318,349,296,359,318,366,316,357,256,361,257,391,239,413,247,424,271,424,290,424,299,414,282,389,278,358,254,418,286,418,231,463,248,452,261,450,269,448,277,449,290,450,308,461,298,471,286,476,272,480,256,478,242,473,255,465,270,467,287,465,287,460,269,462,255,462,270,464,271,409,208,360,228,358.5,228.7,366.3,208.7,367.9,326.5,354,307,354,307,362.5,326.5,362.5
i010qa-mn,0,117,340,120,371,124,392,133,425,144,449,167,472,197,483,232,485,258,480,282,470,300,450,312,420,317,386,319,357,316,326,301,310,280,296,257,299,240,309,260,309,281,307,133,319,150,302,172,302,198,311,174,313,151,315,156,338,172,327,190,334,173,342,172.6,333.4,282,329,263.9,321.6,246,330,266,336,264,327,208,327,207,363,195,380,202,392,225,395,245,390,256,380,235,353,228,328,209,387,240,384,187,426,205,417,218,414,226,413,233,411,247,413,265,419,253,429,243,433,227,434,213,436,198,434,210,424,228,425,244,422,244,420,226,422,210,421,227,422,226,377,164,332.5,181,330.5,181.5,338,164.5,340,273,325.3,255,325.8,256,333,274,332.5
i011qa-mn,0,210,324,210,354,211,378,218,412,229,439,248,458,271,470,296,474,322,470,342,455,357,436,365,413,373,385,376,361,378,335,373,312,359,294,338,295,319,306,338,307,357,308,228,300,246,288,267,290,289,304,267,302,247,299,242,327,259,315,275.9,325.3,259.2,329.8,260,321,358,334,343,322,325,328,342,336,341,328,292,324,292,349,276,369,283,379,304,380,319,380,329,373,315,348,312,325,291,374,318,375,266,411,282,403,294,399,304,399,312,399,321,402,331,414,324,424,314,429,302,429,285,429,273,423,286,413,303,415,318,414,318,412,303,411,286,410,303,413,307,365,250.5,321,267.5,320.2,267.6,327.6,250.6,328.4,350.5,328,334,325,333.5,332,350,335
i012qa-mn,0,187,344,184,374,188,401,193,433,212,466,232,482,259,499,291,504,318,497,340,480,357,460,368,433,374,400,377,375,375,345,368,325,351,312,328.4,312.7,314,328,331,326,352,321,207,324,227,308,256,312,276,326,254,323,225,319,226.9,339.9,244,331,264.7,341.6,246.1,347.5,252,338,356,345,337,334,318,344,339,350,339,340,282,343,283,371,267,388,275,400,295,401,312,398,319,390,306,368,304,342,281,394,309,394,253,433,272,427,285,425,294,424,299,424,311,427,327,434,314,439,304,441,292,442,279,441,267,438,276,434,293,436,308,434,308,431,292,433,276,432,292,434,296,388,235.4,335.5,254.4,336.3,255.4,344.6,236.5,343.7,346.5,339.5,327.5,339,328.5,347,347.5,347.5
i013qa-fn,0,224,350,223,381,225,408,232,440,246,470,266,487,288,502,317,511,343,502,364,485,380,465,392,438,398,407,403,382,400,349,383,333,367,321,350,322,333,334,350,331,368,329,247,335,262,324,279,323,300,333,280,329,264,330,256.9,348.1,272,335,290,347,272.9,353,272,343,374,348,360,338,342,346,360,353,359,344,307,346,307,369,295,393,303,403,320,401,332,403,343,389,328,369,328,345,309,395,332,395,292,441,302,431,312,425,320,424,326,424,334,430,343,441,338,448,330,456,320,459,306,456,297,450,306,441,320,444,331,441,330,435,320,437,306,436,320,440,320,385,264.5,341.6,281,341,281.5,350,264.9,350.6,367,343,351,342,351,349.5,367,350.5
i014qa-fn,0,212,352,208,382,210,407,216,442,228,469,250,492,271,504,305,510,333,504,357,491,375,470,384,444,391,408,395,381,390,350,379,329,364,316,341,318,325,326,342,326,362,324,229,332,243,319,265,316,287,327,264,325,245,325,242.9,350.8,261.2,341.2,278,350,263,356,258,347,363,350,346,340,330,352,347,357,346,348,297,348,296,382,281,402,291,409,306,408,320,410,332,404,316,378,315,349,294,402,318,403,266,443,283,432,298,426,306,429,313,427,327,434,337,444,328,452,318,455,305,456,290,456,277,452,290,449,306,450,322,449,322,437,306,436,289,437,306,442,307,391,252.1,346,269.6,345.6,270.5,353,253,353.4,354.5,345,338,346,338.5,354.5,355,353.5
i015qa-mn,0,115,330,117,358,119,386,124,413,139,450,164,473,193,482,229,486,261,482,285,469,307,442,313,411,316,380,318,356,316,326,305,308,291,288,268,284,244,298,268,301,289,300,140,306,162,287,184,287,209,298,185,303,162,300,162,327,179,317,199,325,181,333.3,180,322,287,328,268,318,251,325,269,333,267,325,216,318,214,346,200,361,210,376,230,375,248,377,257,368,242,345,237,317,215,367,244,369,195,415,207,397,222,388,230,390,237,388,248,395,262,415,252,421,241,424,229,425,214,426,203,424,213,414,229,416,244,415,244,403,229,402,212,400,229,411,231,359,170.5,322,189,321,190,329.2,171.5,330.2,277.5,323,259.5,321.5,260,329,278,330.5
i016qa-mn,0,71,324,72,354,79,374,89,407,109,441,136,467,166,478,208,480,234,472,257,454,269,428,280,396,284,360,284,328,276,294,257,272,236,258,212,263,194,279,215,276,237,274,93,297,110,275,131,274,158,286,133,286,112,288,110.6,317.3,132,305,151,312,133,322,137,311,246,300,227,294,206,304,229,309,230,300,170,307,170,340,160,361,172,373,194,373,210,368,221,351,199,332,191,305,174,366,210,361,160,411,175,399,186,393,197,389,204,390,216,392,229,396,220,403,211,408,199,412,185,413,171,414,181,405,197,405,213,400,212,395,197,398,180,400,197,401,191,354,121.3,311.1,141.5,308.5,142,317,121.8,319.6,236.5,297,216.5,299,217.5,306.5,237.5,304.5
i017qa-mg,2,183,310,185,344,189,368,189,399,201,435,226,458,257,477,295,486,329,476,355,454,375,431,381,399,384,371,386,341,385,302,368,280,349,270,324,276,307,290,328,286,349,282,209,287,229,274,252,278,272,293,249,292,226,290,220,310,240,299,256,307,240,312.5,240.2,306.3,352,304,337,296,319,305,337,309,335,302,278,308,276,327,259,351,269,360,290,366,307,363,322,351,303,325,300,306,274,356,309,357,250,404,266,390,282,384,292,384,299,384,312,386,331,396,318,402,305,406,290,407,275,408,262,408,273,403,290,405,309,402,308,391,290,391,272,393,290,397,291,349,230,304.5,248,303,248,309.7,230,311.2,344.5,300,328,300.5,328,307,344.5,306.5
i018qa-fn,0,192,291,190,323,195,343,200,369,212,401,229,424,255,437,288,444,319,435,343,421,368,403,383,371,386,341,386,312,382,284,355,256,337,242,319,241,300,253,317,252,336,251,211,262,226,247,244,244,264,255,244,256,227,256,225,284,240,272,254.9,282,240.3,287.6,243,281,346,280,329,272,315,280,331,285,336,278,271,281,267,303,252,326,260,334,283,330,306,333,318,325,296,300,294,281,267,327,299,326,249,374,261,362,273,351,284,351,292,350,307,356,322,372,311,379,300,382,285,383,273,385,260,385,270,372,284,373,301,371,300,366,284,367,270,368,285,370,282,314,232.5,278,247.5,277,247.6,284.8,232.7,285.8,337.5,276,322,276,323,282.5,338.5,282.5
i019qa-fn,0,203,380,205,411,208,441,212,474,223,497,242,519,267,532,300,537,328,533,352,519,372,497,386,470,389,441,393,413,393,381,379,362,362,344,339,344,320,358,339,356,360,354,222,356,240,338,263,339,280,353,260,354,238,351,236,378,253,369,270,380,251,384,254,377,364,381,347.9,370.8,328,380,348,387,346,379,292,377,289,405,276,427,283,434,305,439,322,435,332,429,312,399,312,377,290,429,317,428,264,473,280,460,293,456,303,456,311,456,320,457,336,472,328,484,316,490,302,492,287,492,272,487,287,476,303,481,318,479,317,465,303,466,286,467,303,474,302,417,244.5,373.5,261.5,374.5,260.5,382,243.5,381,355.9,375.9,338,375.4,338,383.5,356,384
i020qa-fg,2,193,380,195,414,196,442,202,473,216,497,230,514,256,527,285,535,315,530,334,516,348,498,361,473,368,442,374,413,372,379,367,363,354,347,332,347,313,356,332,357,353,358,209,362,223,344,246,342,269,353,246,354,227,354,229,376,242,365,258,377,242,381,241,372,348,379,334,370,318,379,334,385,332,376,278,374,277,409,260,422,265,434,289,438,311,437,322,430,302,407,300,375,273,430,305,431,250,472,265,460,279,459,288,461,295,459,308,463,321,473,311,482,301,488,288,490,271,490,259,483,271,474,287,481,302,475,302,470,288,470,271,469,288,473,289,424,235.5,370.5,250,371,250,379,235.5,378.5,341,374.5,326,374.5,326,382,341,382
i021qa-fn,0,186,304,184,327,182,350,184,379,197,417,222,433,256,435,291,438,324,431,352,426,371,410,383,379,383,352,384,326,378,300,366,279,346,266,329,271,314,280,331,280,348,274,218,281,235,271,253,271,268,281,251,281,233,279,233,300,245,292,260.7,301.3,246,304,244,298,352,297,336,287,320,299,335,302,333.1,296.5,282,295,280,322,262,341,270,350,295,350,317,350,328,340,307,322,300,294,280,344,309,342,250,383,271,373,285,370,295,369,303,370,318,373,334,378,323,388,307,392,294,387,280,388,267,388,277,380,295,381,311,380,311,378,293,377,277,378,294,379,295,330,239,296,252.9,296.6,253.4,302.6,239.5,302,344,292,328,293,327.5,300.5,343.5,299.5
i022qa-fn,0,158,386,158,408,164,425,171,445,190,479,210,503,240,511,273,512,304,497,323,478,340,458,349,431,345,401,341,376,328,341,310,320,292,306,272,312,256,325,276,320,294,316,164,349,180,333,196,333,215,339,195,342,179,343,183,376,196,362,215.8,365.5,200.2,375.3,200,369,302,349,285,342,270,352,286,354,284,348,229,358,230,383,218,405,229,415,251,409,273,402,282,391,254,376,251,354,233,408,265,399,220,449,234,432,249,428,258,425,265,422,280,419,303,423,295,436,279,447,263,450,246,454,231,457,243,449,261,445,279,440,276,427,260,433,240,437,260,440,246,392,189.5,369,205.9,363.7,208,370.4,191.6,375.7,293.5,345.5,277.5,347,278,353,294,351.5
i023qa-fn,0,182,349,184,383,184,408,187,440,199,475,219,496,253,513,287,518,322,513,351,497,376,475,386,441,387,409,389,379,389,343,364,322,353,305,333,301,311,313,332,312,349,315,205,327,216,310,238,305,258,315,238,315,220,319,219,349,233,340,254,348,238.3,353.5,237,347,351,345,332.7,335.6,315,345,334,350,334,343,271,345,266,368,248,388,258,403,286,403,311,402,328,388,300,367,298,343,269,397,303,394,241,439,258,423,275,418,286,422,295,416,314,424,332,438,320,454,303,462,286,465,267,463,250,454,266,444,288,447,307,445,307,434,288,436,265,436,288,441,285,382,226,344.5,243.5,344,246.2,350.8,228.6,351.3,341.8,340.3,323.8,340.3,324.5,347.5,342.5,347.5
i024qa-fn,0,103,386,108,417,115,444,128,471,139,489,155,505,173,518,201,521,223,516,235,502,248,489,265,467,276,436,283,408,283,381,268,359,253,350,231,350,216,361,234,360,251,358,123,365,137,355,156,355,174,364,156,366,139,363,135,386,151,378,167,388,151.2,392.9,152,385,255.2,383.2,238.5,376.1,223,386,240,390,239,382,183,385,181,413,168,433,176,447,197,447,219,443,226,431,210,411,208,384,182,443,213,442,161,469,174,461,190,458,198,460,207,458,222,460,237,465,226,478,214,485,198,488,181,484,170,480,181,471,199,473,216,470,216,466,199,466,181,469,199,470,198,433,143,382,159,383,159.1,390.5,143.1,389.5,246.9,379.7,230.7,381,231.5,388,247.6,386.6
i025qa-mn,0,141,290,147,324,152,351,161,387,184,424,204,446,233,460,265,468,294,459,315,439,330,415,341,385,351,343,349,307,347,273,323,251,306,241,282,240,268,251,285,251,304,251,169,264,183,249,205,245,225,255,206,257,186,258,186,284.7,199,275,220,283,203.9,288.1,204,280,315,274,298,266,280,276,298,281,299,273,236,276,235,310,219,334,228,346,255,343,275,340,286,329,266,303,257,274,237,336,270,332,221,390,233,376,247,370,257,370,267,368,282,372,297,385,289,397,274,402,259,405,241,406,229,402,241,388,258,390,275,386,275,382,258,385,241,386,258,388,253,320,192.5,279.8,209.5,279,211.9,285.5,195,286.4,306.5,270,289,271,289,278.5,306.5,277.5
i026qa-fn,0,157,390,161,421,165,447,173,481,188,502,205,516,223,529,255,536,284,530,302,519,319,502,333,479,340,444,344,417,346,388,329,369,312,352,293,354,272,365,294,367,311,365,172,373,186,354,206,352,229,362,207,364,188,365,191,387.8,205,380,223,388,206,393,210,384,313.2,387.9,297.3,379.8,281,391,299,394,300,388,239,385,235,418,222,435,230,447,253,452,272,444,281,437,266,414,264,385,237,442,268,441,220,481,234,472,247,469,254.8,471.4,264,469,276,470,289,479,279,491,269,494,255,496,240,495,229,491,239,481,255,483,271,480,271,478,255,479,239,479,255,482,253,433,198,383.9,214,384,214.5,390.5,198.5,390.4,305.3,383.9,289.2,385.4,290,392.5,306.1,391
i027qa-mn,0,166,322,168,356,170,377,174,400,197,433,222,456,256,466,289,465,318,459,341,450,361,430,371,401,374,366,374,340,373,307,352,293,334,271,309,277,294,291,312,288,333,286,195,306,207,282,237,284,264,291,238,294,210,292,212,317,226,307,243,314,229,320,225,312,339,308,322,300,308,309,323,314,322,305,269,310,269,335,247,355,259,366,285,368,303,365,315,353,296,333,289,309,269,359,298,356,250,407,261,395,276,390,288,389,298,386,308,389,319,403,310,410,302,411,289,413,276,416,261,413,269,405,288,405,305,402,305,395,288,397,268,400,288,400,285,346,219,312,234.5,310.5,236,317,220.5,318.5,330.5,304,315,304.5,315.5,311.5,331,311
i028qa-mg,2,148,288,149,317,150,342,154,370,172,410,196,434,227,446,259,451,291,444,319,428,342,404,355,371,358,333,355,307,349,276,325,253,308,244,289,248,271,257,292,257,307,255,170,270,183,253,206,253,231,266,205,263,188,264,186.5,287.5,202,276,223,284,205,290.4,203,283,313,278,299,269,281,281,297,284,297,276,238,280,234,307,220,324,229,338,254,340,274,336,285,326,268,305,265,278,237,332,267,330,219,376,230,360,244,353,254,352,262,351,277,355,292,369,284,379,272,386,256,390,240,389,227,385,236,372,254.4,372.6,272,369,272,363,254,368,236,369,254,370,254,319,194.2,281.7,212.5,280,214,287.2,195.8,288.9,306,273.5,290,275,289,282.5,305,281
i029qa-fg,2,183,319,185,346,186,367,190,394,202,428,225,450,256,456,289,461,318,456,339,446,357,428,370,396,371,370,375,346,375,314,355,291,339,274,313,276,298,291,315,288,336,287,205,299,218,282,244,278,267,291,244,289,221,292,224,320,240,310,258,317,242,323,241,317,343,314,323,308,309,316,325,319,327,313,274,318,273,341,259,362,268,371,289,369,307,369,314,360,299,339,295,317,275,365,303,363,249,402,265,393,282,386,290,387,298,386,310,388,326,398,313,402,301,403,290,404,277,407,263,405,274,398,290,400,305,397,305,394,290,395,274,395,289,396,287,354,232,315,249,313.5,250,320,233,321.5,333,311,316,312,317,317.5,334,316.5
i030qa-fg,2,162,317,169,354,181,378,184,390,208,422,230,440,257,452,284,454,309,447,326,433,340,413,351,384,352,350,354,324,349,295,326,269,306,256,284,261,270,276,289,271,307,266,186,291,199,276,220,274,240,282,220,283,201,283,204,311,216.7,301.5,234.1,305.7,218.7,314,218,306,316.2,294.1,299,289,286,298,301,300,298,294,249,304,251,330,242,352,252,359,274,357,290,354,297,343,277,321,267,299,258,350,284,346,241,397,256,384,267,378,279,377,285,374,298,379,311,387,304,397,295,398,282,401,268,401,254,401,261,392,280,390,295,388,295,386,279,386,261,390,280,388,270,339,210.3,306.2,225.4,303.6,226.4,309.8,211.3,312.5,307.6,291.5,292.5,293.5,293.5,299,308.6,297
i031qa-fn,0,215,412,216,441,218,466,225,495,241,519,257,537,280,550,311,557,338,549,360,532,373,516,382,495,387,468,392,445,395,416,386,405,370,390,349,391,334,401,351,398,369,397,242,396,258,384,278,386,296,399,276,395,260,393,260,414,273.3,407.2,289.1,416.5,272.8,421.3,275,413,371,419,358,410,340,419,357,425,360,417,304,413,302,443,285,458,291,466,315,474,335,469,345,462,327,442,324,414,297,463,331,465,273,493,293,485,305,486,315,485,322,485,334,489,351,494,338,502,327,505,313,505,301,506,287,502,295,495,313,498,330,496,330,495,314,493,295,494,313,496,319,458,266.7,410.6,281.2,411.8,281,418.9,266.4,417.7,364.5,414.5,349,414.5,348.5,422,364,422
i032qa-fn,0,202,317,203,341,204,363,209,387,225,431,245,453,287,463,320,467,353,461,382,451,405,426,414,387,414,356,415,329,411,299,392,281,372,263,348,268,329,284,351,279,370,273,230,292,247,276,273,277,291,286,272,287,250,284,245,312,263,301,280,309,264.7,315.3,264,308,380.4,301.3,359,293,342,304,361,309,359,299,301,302,298,330,283,348,293,358,317,361,338,355,346,349,327,326,323,301,302,350,329,349,281,395,294,383,308,374,317,375,326,374,344,377,358,395,347,401,334,405,319,409,305,408,294,403,300,391,318,391,336,389,336,387,317,387,300,389,318,389,315,336,254,306.5,271.5,305,272.4,312.2,254.9,313.7,369.7,297.1,350.5,298.5,351.5,306.5,370.7,305.1
i033qa-fn,0,214,342,218,380,227,412,239,437,253,461,267,480,291,494,319,499,342,493,361,477,377,456,385,432,391,398,396,368,391,333,379,313,360,301,341,300,322,313,344,313,361,311,233,324,245,304,271,301,294,310,271,314,249,318,251,341,265,333,283,339,267.3,343.6,267,337,368,334,353,327,338,336,353,341,353,334,301,336,298,364,283,390,290,398,313,399,333,396,342,389,323,361,320,336,299,391,325,388,287,439,296,426,306,419,315,420,323,418,335,421,346,434,341,445,331,452,316,455,302,456,291,451,301,441,316,440,330,438,329,428,315,430,300,430,316,435,312,380,258,337,274,336,275.1,341.3,259.1,342.3,360.5,330.5,345.5,331.5,345.5,338.5,360.5,337.5
i034qa-mg,2,171,306,175,337,177,357,179,379,190,419,209,447,253,456,289,454,320,446,346,431,366,408,378,379,380,338,374,310,367,280,343,267,326,255,305,256,290,268,309,267,326,266,194,288,208,270,229,267,252,274,230,278,212,280,215,304,228,293,247,301,230,307,230,301,333,288,313,282,299,293,317,297,315,287,260,291,259,317,243,338,251,348,279,346,302,342,314,333,289,309,282,288,263,342,296,335,245,387,258,370,271,365,283,363,291,360,303,364,319,376,312,389,297,393,284,394,268,396,254,396,265,386,283,383,301,380,300,371,284,376,264,377,283,380,278,329,221.5,298.5,237.5,297,238.5,304,222.5,305.5,323,285,306,287.5,308,295,325,292.5
i035qa-mn,0,156,363,159,396,160,423,172,459,187,480,214,503,246,519,278,524,305,517,321,498,338,480,350,455,359,416,360,386,359,357,341,334,322,324,303,327,288,340,303,336,322,333,189,353,204,335,226,333,247,339,227,344,206,345,206,364,220.7,354.3,238.9,362.5,220.8,368.8,220.9,360.8,328,357,310,349,297,360,314,364,311,355,259,357,257,391,238,412,248,426,274,425,295,423,303,409,282,386,277,355,256,417,288,417,236,459,250,449,264,444,275,442,284,441,294,444,311,455,303,467,291,477,277,479,261,477,246,471,254,461,278,464,290,460,290,454,276,452,254,459,277,459,274,408,213.4,359.2,229.8,358.4,229.8,365.7,213.4,366.4,319,353,303.5,354.5,305.5,362,321,360.5
i036qa-mg,2,153,297,159,326,159,351,163,376,176,413,203,437,238,454,277,461,308,454,336,440,354,411,364,376,363,342,361,312,356,279,333,254,319,243,301,244,290,257,303,254,317,253,184,269,196,255,216,251,237,258,216,263,198,266,205,293,219,284,232,289,220,296,224,290,325,283,309,276,295,286,311,287,311,281,252,281,251,302,232,328,245,343,271,338,294,339,304,324,282,297,276,280,253,328,285,325,230,383,247,363,263,360,271,362,280,359,297,363,311,376,302,386,287,391,273,397,255,396,241,394,251,380,273,379,293,377,293,372,272,373,251,375,273,376,270,314,212,288.5,225.5,286.5,226,292.5,212.5,294.5,317,279.5,302,281,303,286.5,318,285
i037qa-fn,0,197,404,204,438,212,462,224,487,242,505,256,520,278,535,307,540,331,532,344,516,356,502,368,487,385,440,388,403,385,371,356,356,335,347,312,350,298,361,314,359,334,355,203,385,212,367,232,364,251,370,233,373,214,375,223,402,236,390,256,396,240,406,242,393,343,380,325,374,312,385,327,387,329,379,268,390,268,419,258,435,266,446,287,448,309,438,313,431,297,415,288,386,271,442,299,436,260,487,273,474,283,471,291,471,297,468,306,467,325,474,321,489,308,498,295,501,282,503,270,497,279,487,293,488,309,480,308,478,292,483,278,483,293,487,285,430,229.5,396,246,393,248,401,231.5,404,334,377,318.5,379.5,319.5,386,335,383.5
i038qa-mn,0,198,302,195,337,193,371,197,408,209,443,233,468,263,481,295,487,326,481,350,465,370,439,380,411,388,373,391,348,397,316,388,289,379,268,358,261,335,275,356,279,374,280,220,279,234,258,260,254,284,270,260,271,238,271,236,304,252,295,272,306,255.1,310.6,253,302,373,316,357,305,339,310,357,319,356,312,294,302,289,340,271,353,281,370,305,372,328,374,335,372,322,341,318,304,288,362,324,364,264,408,281,395,295,389,305,392,314,390,325,396,336,412,328,422,317,424,303,424,289,422,275,418,285,408,304,412,319,410,319,406,304,406,285,404,304,409,310,352,244,299.5,262,300.5,263.6,308.3,245.6,307.3,365,310.5,348,307.5,348,314.5,365,317.5
i039qa-fn,0,203,387,207,419,212,447,222,477,235,497,251,512,273,524,300,532,327,522,344,506,357,492,369,474,377,439,379,412,382,381,367,367,352,359,332,360,321,368,334,367,352,366,225,375,238.5,359.6,262.1,360.7,278,371,260.2,370.2,242,368.9,242,388,259,377.7,274.3,386.6,258.8,391.8,261,383,353.6,383.5,338,376,322,385,338,390,339,381,288,385,285,419,273,437,279,444,299,451,313,446,321,438,309,416,307,386,284,444,314,443,267,473,279,470,290,469,299,470,306,468,318,470,330,473,324,483,311,491,298,495,284,492,271,484,283,482,299,483,314,480,314,474,299,474,283,475,299,478,299,436,250.5,382.9,266.7,382.2,266.6,389.2,250.4,389.9,345.8,379.8,330,380.5,330,387.5,345.8,386.7
i040qa-mn,0,219,340,221,371,220,397,225,426,231,449,256,475,281,492,313,496,345,491,364,475,385,455,397,427,403,400,404,373,406,344,391,327,382,308,362,301,340,308,360,311,375,317,240,317,252,302,275,300,296,307,275,309,254,313,256,339,271.2,330.5,286,337,271,342,271.2,336.4,373.5,342.9,361,334,344,341,360,346,360,341,306,335,302,358,283,373,293,382,317,390,338,387,350,375,330,357,326,336,301,378,332,379,272,420,291,407,308,402,316,403,323,404,337,407,358,420,349,434,334,445,316,449,300,448,282,438,297,428,316,429,330,429,330,416,316,416,297,416,317,425,319,370,263.6,334.8,278.6,333.8,278.5,339.5,263.5,340.5,367.2,338.5,352.5,337.5,352,343.5,366.8,344.5
i041qa-mn,0,194,301,197,337,198,368,204,400,220,425,241,440,263,456,291,465,321,456,343,438,359,420,373,399,379,367,383,339,389,306,376,284,365,271,346,269,325,278,345,282,362,284,216,282,231,266,258,265,280,277,258,277,234,280,233,301,248.9,292.7,265.4,303.1,248.2,307.6,248.7,299.7,362,306,347,296,328.9,305.1,347,311,345,303,285,301,283,335,259,350,274,364,296,368,319,366,330,352,314,333,311,301,279,357,314,359,252,398,269,388,286,383,296,382,303,382,318,388,332,401,321,410,309,416,296,417,279,416,263,412,277,403,296,405,312,402,311,396,297,395,278,395,297,400,300,351,241,296.9,257.2,297.9,256.8,305.3,240.6,304.3,354.5,301,338,300.5,338,308,354.5,308.5
i042qa-fn,0,199,311,194,346,192,378,198,413,217,447,241,468,268,484,298,490,325,484,349,470,372,449,387,419,395,383,397,350,395,321,388,296,373,281,353,280,335,289,353,288,371,288,219,293,235.7,271.6,264.6,270.9,285,286,261.7,283.5,236,282,239,311,258,301,276,310,258,316.5,262,305,374,319,359,305,341,313,358,324,360,317,294,313,291,345,273,365,285,373,307,380,327,379,335,364,323,344,319,310,292,369,323,372,262,411,281,397,300,392,307,395,314,394,330,403,339,418,331,429,318,436,302,437,285,433,270,426,286,417,305,419,323,421,324,407,306,404,286,403,305,413,310,357,248.5,306,267,305.5,267,313.3,248.5,313.8,366.5,312,350,309,349.5,318.5,366,321.5
i043qa-mn,0,235,254,238,288,238,312,239,338,254,373,272,397,301,411,335,415,365,411,393,400,411,372,423,341,424,309,426,284,423,251,405,233,389,217,366,219,353,231,369,228,389,230,256,245,271,225,295,223,312,234,293,233,275,233,275,255,289,244,307.2,252.2,291,260,289.8,251.7,392.6,249.9,376,240,359,249,375,255,375,247,321,249,319,274,304,294,312,306,334,309,353,309,364,293,346,269,344,250,319,300,349,300,300,344,312,331,328,329,335,330,342,330,357,333,369,345,360,349,348,352,335,352,321,352,310,351,317,343,334,343,352,343,352,337,334,336,316,336,334,340,335,290,282,249.5,298.1,248.1,299.1,256.1,283,257.5,384.3,244.9,367.5,244.5,367,252,383.8,252.4
i044qa-mn,0,201,308,203,344,207,376,221,411,226,440,254,467,288,482,327,481,358,478,384,461,408,441,421,410,429,367,428,332,426,298,404,283,385,265,363,267,340,285,364,283,383,280,226,296,248,275,273,274,296,286,275.3,289.7,249.1,289.2,245.8,309.1,267,299,287,308,266.2,313.7,266,306,384,298,367,294,347,303,367,308,366,300,304,301,303,334,283,356,291,371,321,369,349,370,357,351,337,330,330,299,302,362,340,359,277,412,295,403,312,397,323,394,333,397,348,399,362,410,352,420,339,426,323,427,305,427,292,421,303,412,322,413,341,409,340,406,322,408,303,409,323,411,322,351,256.4,304,277,303.5,276.6,310.8,256,311.4,375.5,296,357,298.5,357,305.5,375.5,303
i045qa-mn,0,156,243,157,271,161,294,166,325,182,359,207,383,241,394,273,392,303,390,324,373,341,348,349,321,352,291,354,262,350,228,333,217,317,207,298,207,283,214,299,216,317,218,182,227,199,213,224,210,242,219,224,221,202,221,202,237,214,227,232,235,216,242,214.9,234.2,319,229,303,222,284,232,302,235,302,229,251,232,251,264,236,283,247,292,271,292,288,291,297,284,282,258,270,229,255,287,283,285,230,328,247,317,260,316,270,317,279,315,290,317,306,322,296,328,286,330,272,333,255,332,242,332,253,325,270,325,286,323,286,321,271,322,253,323,271,325,270,274,208,232,223,231,224,238.5,209,239.5,311,225.5,293.5,227,293,233.5,310.5,232
i046qa-fn,0,168,378,173,406,180,439,193,471,210,490,229,503,251,515,275,516,300,509,316,494,327,479,335,467,347,433,353,405,355,379,345,357,333,343,314,343,302,351,314,353,332,355,197,358,209,344,230,342,250,351,230,353,212,353,212,378,227,371,244,382,227.8,386.6,228.4,377.8,331.2,378.2,318,370,302,381,317,386,316,378,260,376,261,409,244,431,253,442,279,442,297,440,303,426,290,410,286,375,261,436,294,436,237,465,258,459,270,454,277,456,285,455,299,458,311,465,301,476,292,486,278,490,258,486,246,478,261,471,275,473,293,469,293,466,276,467,261,467,274,471,277,427,219.5,374.5,235.5,376.5,235.9,384.3,219.9,382.3,324.6,374.1,310,375.5,309.5,383.5,324.1,382.1
i047qa-mn,0,169,368,171,400,172,426,177,457,190,485,209,506,239,520,269,523,302,520,325,506,344,485,355,457,358,427,363,402,367,373,343,352,326,340,307,338,290,347,308,349,325,350,192,348,211,335,230,338,249,345,229,346,211,345,207,370,223,364,240,373,223.7,378.4,224,369,329.9,374.5,314,366,296,374,313,380,313,372,256,368,254,399,236,418,247,427,268,430,289,429,297,414,284,399,280,368,252,423,282,424,231,460,244,444,259,440,268,441,275,438,291,443,305,458,297,468,285,471,270,473,256,472,242,470,253,459,269,461,286,460,286,457,269,454,253,457,270,458,270,412,215,367,231.5,368.5,231.8,375.7,215.3,374.2,322,370.3,305,370,304.5,377,321.5,377.3
i048qa-mn,0,213,336,215,365,216,388,222,413,239,448,270,466,305,473,341,473,366,465,382,450,399,436,407,409,409,373,407,346,405,313,397,304,381,286,361,288,344,297,362,302,381,302,241,319,256,304,280,297,303,302,284,313,263,317,262,332,277,320,294.7,327.5,280,337,280,327,383.7,317,369,310,352,319,369,324,372,317,313,322,313,359,295,376,305,386,338,386,353,380,364,364,345,349,336,319,313,382,355,375,288,420,311,409,330,403,341,403,347,401,356,404,372,409,362,414,352,417,340,418,324,423,304,423,314,414,337,413,354,409,354,408,337,408,314,410,338,411,335,372,269.5,326,285.8,323.7,287.4,332.3,271,334.5,376.4,313.5,360.5,314.5,360.5,321.5,376.4,320.5
i049qa-mn,0,217,271,218,307,216,343,221,375,232,415,265,433,295,444,326,445,358,448,390,438,409,408,422,374,429,342,429,310,434,271,409,250,388,237,369,239,351,252,370,252,388,248,256,253,272.3,237.7,296.7,237.8,314,251,294.8,249.5,274.2,250.1,268,272,288,262,305.2,271.3,287.3,276,286,268,396.6,270.8,381,263,362,272,380,276,380,269,322,268,317,309,299,333,308,344,332,348,352,345,362,330,348,305,345,268,315,339,352,339,289,374,309,365,323,362,330,364,338,363,352,368,369,376,356,381,342,385,329,386,316,386,303,383,312,375,330,377,348,376,349,373,330,372,312,372,330,374,335,329,278,267,296.6,266.7,296.2,273.7,277.7,274,388.8,266.9,371.5,267.5,371,274,388.3,273.4
i050qa-fg,2,181,372,176,406,179,432,185,454,198,487,224,511,255,520,295,525,326,514,349,498,365,479,374,449,375,421,375,393,367,359,353,331,335,320,310,327,298,342,315,339,335,328,200,344,217,333,238,335,259,347,237,344,218.5,339.8,217,370,234.2,360.2,255.7,369.3,235.3,377.6,235.1,369.1,337,358,322,349,305,363,324,368,322,357,269,359,265,396,252,415,261,426,286,430,307,425,317,413,297,389,288,357,269,422,304,418,245,458,264,446,280,442,287,442,293,441,312,443,332,451,319,461,304,466,288,470,272,468,256,466,268,456,288,459,308,453,308,451,288,454,268,453,288,456,286,410,225.6,365.1,245,364.7,245.5,373.5,226.1,373.8,329.5,353.5,313.5,356,314.5,365.5,330.5,363
i051qa-fn,0,171,309,169,338,172,366,180,396,196,419,218,446,249,458,277,463,302,455,320,438,336,420,344,393,345,360,349,327,340,304,330,291,316,278,290,279,279,290,296,285,316,285,190,300,208,282,230,277,249,289,232,292,212,290,208,310,220,299,236,306,222.7,312.9,220,305,318,304,302,296,290,306,304,309,303,302,256,304,255,334,243,354,252,357,272,361,290,358,294,344,281,327,273,301,259,353,283,351,240,397,254,386,266,382,274,383,282,380,292,385,305,394,296,404,287,411,275,412,262,412,249,408,258,402,274,407,290,401,290,389,274,387,258,391,274,396,273,342,214,304.5,228,302.5,229.3,309.4,215.3,311.4,310,300,296,301,297,307.5,311,306.5
i052qa-mn,0,190,258,194,292,199,323,204,358,215,379,239,403,272,414,307,418,334,414,358,399,376,382,389,355,393,314,395,283,392,250,373,238,358,221,339,220,321,232,339,233,356,232,218,242,233.7,224.8,253.8,224.2,272,233,252,237,237,239,232,258,247,249,264,258,248.1,263.6,248.1,255.5,359.7,252.1,343,244,327,253,345,259,343,251,283,254,286,291,270,306,279,318,304,323,328,319,336,306,315,288,310,253,286,314,318,311,263,358,281,350,295,347,305,350,313,347,327,349,347,354,335,363,320,366,306,369,288,366,274,365,286,359,304,360,323,358,323,355,304,356,286,357,304,358,304,304,239.5,253.5,255.5,253.5,256.1,260.8,240,260.8,351.3,248,335,248.5,336,256,352.3,255.5
i053qa-fg,2,176,245,175,284,184,313,186,339,200,384,230,402,256,410,300,414,329,409,351,397,367,375,375,343,378,313,382,281,380,242,368,221,353,210,325,210,306,226,327,219,350,221,208,227,227,215,248,212,272,227,251,227,227,228,221,246,239,233,261,245,242,251,246,243,351,239,331,231,319,241,333,248,335,240,280,244,278,273,263,294,277,303,295,306,316,302,320,296,306,269,300,243,280,294,310,293,257,348,273,332,287,326,296,326,304,326,317,329,329,344,320,351,308,353,296,354,282,353,269,353,278,346,296,346,311,344,312,335,298,334,278,337,298,340,296,284,230,239.5,250,239,251.5,248,231.5,248.5,341,235,325,236,326,244.5,342,243.5
i054qa-mg,2,145,285,149,317,150,344,153,372,166,403,196,424,226,434,260,442,286,437,305,420,336,401,350,367,347,331,343,305,340,276,321,260,304,252,281,254,265,268,283,264,303,260,174,274,189,261,212,259,229,269,211,271,189,272,188,283,201.7,275.1,217,282,202,287.4,202,282,307.6,277.9,288,271,274,279,291,282,289,276,238,281,235,313,220,330,229,336,253,342,270,336,282,326,265,307,256,279,236,331,267,330,203,372,223,362,244,360,255,361,264,359,279,362,301,364,284,376,269,383,252,386,231,385,216,384,231,375,252,377,276,372,275,365,252,366,229,365,251,372,252,326,194.8,279,209.3,278.5,209.5,284.7,195,285.2,297.8,274.5,281,275,282.5,280.5,299.3,280
i055qa-mn,0,193,240,197,275,197,301,199,337,214,364,235,388,263,405,296,412,325,403,346,385,367,364,382,336,388,298,389,272,391,240,379,223,369,211,348,208,324,217,347,220,364,223,213,223,232,210,256,208,279,216,257,222,235,225,234,242,250,234,267,243,249.7,249.9,249,239,359.2,243.2,347,235,325,243,345,248,345,242,286,240,279,272,262,281,266,299,302,305,328,301,338,286,316,270,311,239,281,297,319,297,252,333,272,319,291,321,300,321,308,320,325,319,339,332,328,348,314,357,296,360,276,356,262,346,278,343,298,346,320,338,319,330,298,332,277,329,298,339,302,291,242,238,258.5,238.5,258.4,246.4,241.9,245.9,353.1,239.1,336,239,335,245.5,352.1,245.6
i056qa-mn,0,152,213,149,248,153,274,157,301,168,344,192,369,228,373,261,377,297,373,324,363,343,335,348,301,348,269,347,244,344,207,328,185,307,173,288,171,271,183,289,183,308,182,175,186,194,173,215,172,234,182,214,185,194,184,188,211,202,200,220,209,204,215,203.3,207.3,316.4,206.1,300,196,282,206,301,211,299,204,243,207,239,240,226,260,236,270,259,270,280,269,289,258,269,234,265,205,243,262,273,261,222,309,236,295,251,288,261,288,270,287,282,293,297,304,285,309,274,311,260,311,247,313,235,312,242,302,260,303,278,301,278,296,260,299,242,299,260,301,259,251,195,205.5,211,204.5,212,212,196,213,308.2,201.1,291,201,291.5,208.5,308.7,208.6
i057qa-fn,0,187,359,190,388,194,419,200,444,210,467,231,484,254,496,285,501,313,493,333,478,348,462,358,439,363,410,366,383,360,357,354,331,340,324,321,326,305,338,322,336,340,331,209,334,224.3,322.8,251,327,265,336,245,335,225,329,224.6,357.5,242,351,259.8,357.6,242,363,252,356,344,355,329,349,311,357,330,363,335,356,273,355,269,388,255,403,266,412,286,418,304,412,312,404,301,385,295,356,271,407,301,408,246,442,264,435,277,433,285,433,294,432,307,434,323,440,311,450,299,455,285,458,271,457,257,452,268,445,285,446,304,443,304,440,285,442,267,442,285,444,288,402,233.3,354.2,250.9,354.3,250.9,360.3,233.3,360.3,336.5,352,320,353,320.5,360,337,359
i058qa-mn,0,86,272,85,306,86,336,96,366,111,396,131,415,165,433,200,437,229,431,254,416,272,396,286,365,289,330,290,299,287,266,265,244,246,234,224,239,208,253,227,253,248,247,106,254,125,243,148,245,167,255,147,257,125,253,125,275,142,262,163.1,272.2,143,280,143,269,252,269,235,261,217,270,235,277,235,268,179,269,178,304,165,323,174,335,196,333,210,333,222,322,209,302,202,268,181,328,208,325,157,374,172,360,189,354,196,355,204,352,219,358,233,367,225,378,213,382,197,384,181,382,169,381,179,369,196,369,216,368,216,363,196,362,179,364,196,366,196,313,133.5,268.5,152.5,267.1,153,276.1,134,277.5,243.5,265,226,265.5,226,273.5,243.5,273
i059qa-mg,2,200,308,204,340,205,368,210,400,231,429,255,454,282,463,314,474,338,466,355,447,375,427,385,400,387,368,388,337,392,303,376,274,364,263,348,264,333,276,350,274,363,274,234,282,247,265,265,264,285,278,265,277,249,277,253.1,308.2,268,302,280,306,268,313,267,307,363,307,351,299,335,305,349,312,351,305,300,302,293,338,280,352,288,361,315,367,330,362,342,349,327,332,318,301,294,360,333,357,272,399,290,387,305,386,314,386,322,386,335,386,347,397,339,406,328,414,314,414,298,415,284,407,293,402,313,410,333,402,332,390,313,392,293,391,313,400,314,350,260.6,305.1,274,304,274,309.5,260.6,310.6,357,303,343,302,342,308.5,356,309.5
i060qa-mn,0,186,263,184,295,186,321,194,352,208,383,230,409,262,422,294,428,322,423,337,403,351,385,366,353,372,318,372,289,370,261,362,249,348,228,323,227,308,241,325,240,346,241,211,252,227.9,228.1,253,227,273,238,253,238.9,232.4,239.8,229,261.4,246,251,263,261,246,266,246,258,350,263,334,251,317,263,334,268,334,259,282,256,281,288,266,305,273,318,300,320,316,315,323,310,308,284,303,255,284,311,313,311,255,353,274,341,289,335,299,338,307,334,318,342,330,351,320,364,308,369,297,370,284,370,269,367,280,356,297,358,313,356,313,345,298,345,280,345,297,351,300,303,237.5,256.2,254.5,256,254.5,263.5,237.5,263.7,342,257,325.5,257,325.5,265.5,342,265.5
i061qa-fn,0,197,375,197,406,199,431,205,465,217,491,244,513,272,527,308,535,338,527,360,511,378,494,392,461,396,429,397,402,396,373,381,357,362,340,340,338,324,353,342,349,362,350,227,353,243,341,264,341,285,349,262,352,246,353,244,375,259,366,275,373,259,377,259.3,372.3,364.2,372.2,347,365,330,372,347,374,348,370,292,369,294,399,274,418,281,428,307,434,328,428,334,419,316,397,312,366,290,426,322,426,263,461,279,451,294,445,306,447,315,445,329,447,344,458,333,472,321,481,307,480,289,479,273,473,287,471,305,470,327,468,326,454,305,456,286,454,306,464,305,418,251.5,370.5,267,369.5,267,375,251.5,376,355.6,368.6,338.5,368.5,338.5,373,355.6,373.1
i062qa-fn,0,179,423,182,456,189,486,201,511,216,534,233,549,259,564,286,569,313,561,329,542,345,527,358,507,368,482,370,453,372,420,360,404,340,391,323,394,304,408,324,403,341,400,207,402,226,396,244,398,264,409,243,406,224,404,225,423,242.3,415.1,257,425,241.7,428.8,242.5,421.4,342,421.2,325,415,310,424,326,428,324,423,273,423,270,454,256,471,263,481,286,486,305,480,312,472,296,451,294,423,269,478,299,478,243,507,262,501,280,498,287,501,294,498,307,500,326,500,312,514,299,525,285,527,269,525,255,519,267,510,285,513,302,509,302,507,286,508,267,507,285,511,285,473,233.7,419.1,249.7,420.1,249.4,426.9,233.3,425.9,333.5,418.1,317.5,419.5,318,426,334,424.6
i063qa-fn,0,146,400,153,440,159,465,164,489,180,515,200,529,225,542,260,546,289,540,309,525,328,506,339,485,344,451,344,419,343,385,324,363,306,351,284,353,267,370,285,363,306,358,165,374,181,361,207,361,229,372,206,368,183,367,183,400,201,383,221,398,201.5,405.1,201,395,314,387,295.3,374.9,277,391,299,397,295,386,240,392,240,425,222,444,233,457,258,457,281,451,287,440,264,421,259,389,244,450,273,448,212,488,231,477,251,473,260,473,269,470,286,475,302,482,291,493,278,504,261,507,240,504,226,498,239,491,260,492,280,485,280,480,260,482,239,483,260,487,256,439,192,391.5,211,390.5,211.2,401.6,192.2,402.6,304.7,381,286.2,383,288,394,306.5,392
i064qa-mn,0,184,322,187,355,191,382,201,415,217,441,237,462,265,484,294,488,324,481,343,462,361,438,369,414,372,374,374,343,372,312,360,298,341,286,321,286,303,302,324,301,342,297,211,307,230,293,254,290,274,302,254,303,230,303,231,321,246,308,266,319,246.8,324.6,249,317,346,315,330,305,314,315,331,322,331,315,279,314,279,349,264,371,272,379,293,382,313,378,320,369,303,351,299,314,279,375,307,374,257,416,272,404,286,400,295,400,302,398,314,401,326,413,317,423,308,428,295,430,280,428,270,425,278,417,295,419,310,417,310,407,295,408,277,408,295,415,292,365,238.5,314.5,256,313.5,256.4,321.8,238.9,322.8,338,310,322,310,322.5,318.5,338.5,318.5
i065qa-fn,0,170,401,174,429,181,451,190,477,205,503,225,518,253,531,285,533,311,528,329,514,348,494,358,474,361,442,362,419,361,387,340,369,324,359,306,360,291,374,307,371,324,368,209,383,228,369,247,365,262,376,245,377,227,381,220,399,236,388,251,399,237,404,236,396,332,391,317,381,300,392,317,396,316,389,268,390,265,423,249,441,260,446,283,450,303,445,308,433,293,417,284,389,268,441,296,439,236,477,259,471,273,465,285,465,294,464,305,465,325,475,312,483,299,489,285,491,266,490,251,487,265,478,285,479,301,475,301,472,285,472,265,476,285,476,282,433,228,393.5,243.5,393.5,244,401.5,228.5,401.5,324.5,386,308.5,386.5,308.5,394,324.5,393.5
i066qa-mn,0,205,288,204,320,202,348,205,373,211,411,236,435,266,444,296,447,329,447,358,435,380,411,388,376,393,349,396,325,396,298,382,279,367,256,348,247,323,257,345,260,364,269,223,274,239,251,263,244,285,254,265,256,243,263,242,288,257.7,279.8,276,287,258,294.7,259,287,362.3,294.2,347,283,327,288,344,297,346,291,293,282,286,310,276,329,282,338,303,340,324,341,332,330,315,307,314,283,288,333,314,333,261,377,276,366,291,361,301,363,311,362,325,369,335,381,327,388,313,395,300,393,285,389,271,384,282,378,300,379,320,382,321,372,301,368,283,371,300,374,302,320,249.9,283.9,266.9,283.4,267,290.9,250,291.3,354.7,288.6,337,285.5,335.5,292.5,353.2,295.6
i067qa-fn,0,211,363,206,401,205,434,213,469,227,490,245,509,267,525,299,536,326,527,349,512,363,494,374,470,384,437,389,408,392,371,380,343,365,332,347,331,324,340,347,341,363,341,230,342,248,328,266,329,289,336,266,339,248,337,242.3,365.5,260.9,357.4,279,365,261,372,259,363,363,368,348,361,331,369,348,379,348,370,296,367,292,402,276,420,284,432,306,437,325,433,332,421,319,401,315,368,291,426,322,428,264,465,280,459,295,457,305,457,312,456,326,461,336,470,329,480,315,485,302,485,288,482,275.7,476,286,472,303,480,323,477,322,463,304,462,286,462,303,469,308,421,251.6,361.5,270,361.2,270,368.5,251.7,368.7,355.5,364.5,339.5,365,339.5,374,355.5,373.5
i068qa-mn,0,159,298,170,331,174,367,182,392,204,428,225,447,253,456,290,457,321,451,343,433,364,412,370,386,374,338,373,308,375,273,350,258,329,247,310,250,291,264,311,262,330,260,201,279,218,264,235,262,252,270,236,272,220,274,206,297,223,285,240,288,226,297,222,290,335,278,320,271,302,279,320,284,320,277,262,284,258,321,247,343,259,353,281,355,302,346,307,337,293,314,285,282,263,350,296,346,235,399,256,388,273,385,285,385,295,382,311,379,324,387,315,392,299,395,285,401,266,402,251,401,264,394,285,394,306,388,306,385,285,390,263,391,285,392,280,342,214.5,291,231.5,286.5,233,292.5,216,297,327.5,274.5,311,275,311,281.5,327.5,281
i069qa-fg,2,187,297,184,329,193,363,202,397,209,419,226,437,251,459,283,464,316,460,341,450,366,428,383,396,385,365,391,335,381,298,355,280,341,272,326,270,305,279,325,279,339,281,209,277,223,267,241,269,265,279,242,277,224,278,225,296,243,288,258,298,240,303,238,294,345,302,329,290,315,300,330,305,330,298,273,296,267,329,255,351,264,356,284,356,300,360,309,349,298,330,296,299,270,351,295,351,245,395,260,388,274,383,284,384,295,383,309,388,320,395,309,409,296,413,284,415,270,415,256,408,267,401,283,403,304,401,304,390,283,392,267,393,283,397,283,338,234,292,250.5,293,249,300.5,232.5,299.5,337,296,322,295,322.5,302.5,337.5,303.5
i070qa-mn,0,189,389,191,422,193,451,198,484,212,507,231,530,258,545,287,547,317,544,340,529,357,508,368,484,375,453,383,430,385,402,368,379,350,370,330,371,314,381,332,380,350,379,220,372,238,363,260,364,281,375,259,374,240,372,236,392,250,383,268,392,252,398,251,389,355,400,338,389.1,321,396,338,404,338,396,288,391,281,420,268,439,276,450,296,458,315,454,318,448,308,418,306,392,282,448,309,451,256,481,270,475,285,473,295,475,303,473,314,479,327,486,315,493,305,496,293,496,277,496,264,489,276,482,294,485,308,484,308,483,295,481,276,480,294,483,296,440,243,387.5,259,387.5,260,395,244,395,346.5,394.6,329.5,392.6,329.5,400,346.5,402
i071qa-fn,0,186,349,188,385,194,408,202,429,216,457,234,474,261,489,291,491,317,485,337,469,357,450,365,423,364,387,368,362,368,335,341,315,322,306,302,307,284,319,304,316,322,313,198,334,210,318,230,316,250,325,230,327,213,328,206,346,220,333,244,344,226,351,226,339,331.9,330.6,312,323,296,336,314,340,315,330,261,341,261,365,251,386,259,396,277,396,297,390,301,383,286,360,279,338,264,388,288,384,254,435,261,423,271,416,280,417,288,413,301,418,313,427,304,434,294,437,281,439,270,441,261,440,268,430,281,429,296,425,296,423,280,424,268,427,281,427,274,376,213,339.5,232,338.5,235,347.5,216,348.5,322,326.8,304,329.5,305,338,323,335.3
i072qa-fn,0,223,361,221,391,230,427,239,452.6,250,478,268,497,301,516,337,516,365,508,387,493,405,474,415,448,418,407,421,381,414,352,404,327,386,316,368,321,354,334,370,329,386,324,242,333,257,322,282,322,303,333,282,330,259,329,258,361,278,345,298,357,278,364,282,354,394,353,377,340,358,354,377,361,378,351,320,353,320,384,305,403,315,413,340,419,359,411,364,403,349,380,342,352,322,408,352,407,292,452,314,442,329,440,339,440,349,438,364,441,379,448,366,459,354,465,339,469,320,468,304,461,319,454,340,454,354,452,354,448,339,448,319,451,339,451,338,402,268,353,288,351,288,360.5,268,362.5,385.5,346.5,367.5,347,367.5,357.5,385.5,357
i073qa-mg,2,157,265,159,300,161,331,167,362,178,396,204,416,225,435,257,442,285,439,307,422,326,401,332,367,341,334,343,307,349,269,327,252,311,239,292,239,274,248,292,250,309,252,184,250,197,235,216,235,236,243,217,246,198,246,202,267,214,261,230,266,216.6,270.5,215.7,265.5,311,270,298,264,282,268,297,273,298,269,247,262,242,293,227,317,235,325,258,330,277,328,286,321,274,289,266,262,243,320,272,322,223,366,235,348,249,349,257,351,264,350,281,352,290,366,285,381,274,389,257,391,242,389,229,380,240,376,257,380,274,378,274,358,258,356,240,355,257,366,258,312,208,264,222,263.5,223.3,268.3,209.3,268.8,304.5,267,290,266,289.5,270.5,304,271.5
i074qa-fn,0,204,353,206,383,208,408,214,434,227,459,250,478,272,489,304,495,328,490,349,477,366,460,382,433,385,398,389,376,392,350,374,329,358,317,341,315,320,324,340,321,357,323,223,331,237,319,258,315,279,325,258,320,239,324,243,352,258,343,274.5,350.4,258.9,356.3,259.1,349.2,359.2,350.5,343,343,328,351,343.6,355.5,342,347,292,345,286,375,275,396,285,406,303,409,323,407,329,399,312,372,309,344,290,400,315,400,270,437,283,427,296,423,304,423,310,422,322,424,336,436,326,443,315,447,304,449,293,450,281,447,287,437,303,438,317,437,317,433,303,433,287,434,304,435,303,389,250.5,347.5,266.3,346.7,266.7,353.3,251,354.2,351.1,346.8,335.5,347,335.8,353.3,351.4,353
i075qa-mn,0,222,334,229,370,240,394,246,425,263,466,288,483,316,497,353,491,382,487,401,468,415,447,425,416,425,372,427,336,422,302,402,286,385,276,367,279,348,291,369,292,385,290,249,323,264,302,289,294,314,299,292,309,271,316,269,331,282,318,299,320,288.1,330.8,281,323,389,305,373,300,357,311,373,312,371,305,321,314,322,353,314,378,323,385,345,391,367,382,371,369,352,340,341,308,327,383,366,378,306,435,323,419,337,415,347,410,356,412,371,411,389,418,375,425,360,429,348,431,335,433,321,434,328,426,347,427,368,421,368,417,347,421,328,423,347,424,345,374,275.5,324.5,290.5,319,293.5,325.4,278.5,330.9,381,302.5,365,305.5,365,311.5,381,308.5
i076qa-fn,0,214,387,215,424,220,446,225,467,240,491,255,517,283,529,314,535,342,526,365,515,382,489,391,463,396,428,397,403,399,372,366,358,350,348,333,350,319,363,335,359,351,357,236,380,248,364,266,361,286,368,266,369,249,372,251,387,264,378,281,386,266,389,269,381,359,376,342,370,329,377,343,383,344,376,293,380,290,411,277,428,287,441,308,446,330,436,334,424,319,408,313,378,291,440,325,435,277,468,289,462,299,461,311,461,320,460,331,460,344,461,336,470,326,474,312,477,299,477,287,474,298,467,312,469,329,465,329,463,311,465,298,465,312,469,307,433,257.5,382.5,272.5,382,273.5,387.5,258.5,388,350.5,373,335.5,373.5,336,380,351,379.5
i077qa-fn,0,263,328,268,361,278,388,288,416,304,444,324,462,347,473,382,482,406,471,426,456,443,439,453,409,452,374,455,343,453,306,430,290,414,279,394,283,381,296,396,294,413,292,290,311,304,295,323,292,343,299,323,303,306,306,303,327,316,313,334,323,319,328,317,323,422.8,310.4,405,304,389,315,405,316,403,309,354,317,352,348,343,372,351,382,373,388,393,377,399,364,380,341,374,315,357,380,390,373,340,418,351,407,366,404,374,406,382,404,398,403,413,408,405,421,389,428,377,430,360,430,348,427,362,418,377,422,395,417,394,406,375,411,361,410,376,415,371,373,309.5,320,325,318,326.5,325.5,311,327.5,413.9,307.2,397,309.5,397,315.5,413.9,313.2
i078qa-fg,2,170,441,177,470,181,495,182,525,196,554,216,575,248,581,279,585,310,578,337,567,347,547,357,521,361,497,362,472,362,439,339,422,325,412,305,413,291,425,306,422,324,420,192,425,210,414,237,412,252,419,232,425,213,426,210,442,227,431,243,442,227,445,220,438,331,438,314,429,298,441,316,445,315,438,265,438,259,468,248,486,253,494,276,501,298,489,302,481,288,466,283,440,258,491,294,488,242,528,253,520,267,517,276,516,285,515,298,515,312,521,300,534,290,538,277,541,262,539,251,536,260,525,276,526,295,527,294,520,276,521,260,524,276,524,276,482,218.5,436.5,235,436.5,235,443.5,218.5,443.5,322.5,433.5,306,435,307,443,323.5,441.5
i079qa-mn,0,199,311,200,346,204,382,215,415,229,441,250,458,282,481,304,483,330,478,349,460,370,444,380,413,385,374,387,345,388,312,372,297,357,287,337,284,317,295,337,297,356,299,225,300,241,285,262,283,285,292,263,297,243,298,242,314,259,305,274,309,260.1,314.8,258,309,356,311,342,305,326,310,341,314,341,310,291,310,286,346,272,367,280,378,304,384,324,378,330,365,315,344,311,309,286,375,319,376,257,412,277,407,293,407,305,408,313,407,326,408,341,408,330,418,315,422,302,425,287,423,272,419,286,414,304,418,321,413,321,411,304,413,287,414,304,415,302,368,250.5,309.5,266.5,307,267.1,311.9,251.1,314.4,349,308,334,307.5,333.5,312,348.5,312.5
i080qa-fn,0,196,394,201,426,205,448,210,479,223,505,242,524,269,543,290,546,321,538,340,522,359,499,367,476,373,447,378,424,378,398,358,380,343,366,327,364,311,372,326,374,343,374,227,378,240,363,259,363,275,373,258,372,242,371,238,395,253,383,269,394,253,399.3,252,392,347,397,331,388,315,396,330,401,329,394,282,391,280,419,268,431,274,444,294,451,312,445,318,439,305,418,302,391,280,443,306,445,258,477,272,464,286,462,294,463,302,462,313,466,324,476,318,489,306,494,292,496,278,494,266,488,279,485,293,488,310,485,309,471,293,470,280,470,292,479,293,435,245.5,389,261,388.5,261,396.7,245.5,397.2,339,392.5,323,392,322.5,398.5,338.5,399
i081qa-mn,0,256,355,258,384,258,414,268,445,278,470,304,492,325,506,358,514,385,507,411,490,436,472,452,442,456,409,456,381,454,349,436,328,416,309,393,308,374,321,394,323,416,324,274,335,288,317,312,315,333,326,314,328,290,328,290,355,308,345,328,352,309,357,310,350,420.6,347,403.3,340,384,348,403,352,404,345,343,347,341,378,324,397,331,412,356,414,378,411,389,400,368,376,365,345,339,408,372,408,316,443,332,434,347,431,357,433,365,428,379,432,397,442,384,455,371,462,357,462,341,461,327,456,340,447,357,449,373,445,373,441,357,441,340,442,357,444,356,397,299,350,318,348.5,318.5,354.5,299.5,356,412,343.5,393.7,344,393.5,350,411.8,349.5
i082qa-mn,0,178,300,182,333,191,364,198,396,212,424,234,451,265,467,297,472,332,465,358,446,378,423,391,393,397,354,397,320,396,289,373,268,352,253,331,254,311,265,332,265,352,264,203,278,219,262,243,259,264,270,243,271,221,275,219,299,235,290,255,297,237.2,302,237,294,358,289,338.4,280.6,319.6,290.4,340,296,340,286,274,289,274,322,254,345,263,360,291,361,320,356,327,346,303,318,302,288,270,356,309,356,244,396,266,380,283,375,292,375,300,373,320,380,340,392,325,404,310,409,294,414,275,412,257,409,272,399,292,401,315,397,314,390,292,393,272,394,292,396,290,347,227,294.5,245,293.5,246.1,299.5,228.1,300.5,348.2,284.8,329,285.5,329.8,293.2,349,292.5
i083qa-mn,0,197,279,198,307,202,337,210,370,230,401,253,425,279,438,309,445,339,437,361,416,380,396,393,372,403,331,403,299,399,271,387,247,368,227,349,227,329,243,349,243,367,242,218,255,238,237,261,234,280,248,260,248,240.2,248,239,277,257,265,275,274,259.2,280.7,257,272,368,271,352.6,263.9,335,272,353,277,353,269,294,269,291,298,270,319,278,328,307,334,339,326,342,312,322,292,316,268,287,326,329,324,270,371,283,349,299,346,308,347,316,345,332,348,346,371,340,387,324,397,308,398,294,397,278,390,293,380,308,383,326,379,327,358,308,362,293,361,311,370,308,314,248,271,266,269.5,267.1,277.3,249.1,278.8,360.3,267.5,343.8,268,344,274.5,360.5,274
i084qa-mn,0,190,335,190,362,191,386,195,421,210,449,234,469,262,479,292,481,320,478,342,466,357,447,370,422,374,392,375,367,375,341,366,322,352,305,334,303,315,316,335,317,350,317,212,319,229,304,253,303,270,314,252,315,233,316,227.5,336.3,243,327,262,337,244.7,343.1,244,333,350,339,334.2,328,317.2,337.2,334,344,333,336,279,331,275,363,257,381,267,390,294,396,322,390,328,379,308,362,302,331,276,388,313,388,252,421,269,408,287,403,295,405,302,404,318,408,328,421,320,432,309,439,293,440,275,438,261,433,275,424,293,426,311,424,311,417,293,418,275,416,293,421,294,377,235.3,331.7,252.5,332,253.4,340.1,236.1,339.7,342.1,333.5,325.7,332.6,325.6,340.6,342,341.5
i085qa-mg,2,174,363,182,398,189,420,195,442,206,476,233,497,260,511,292,513,320,508,346,490,368,468,378,437,379,397,377,370,373,339,352,323,326,310,302,314,281,329,305,328,328,325,187,347,203,332,228,329,247,338,229,342,205,345,209.9,362.6,224,352,241.3,356.8,227,364.6,225,358,328,345,312,339,297,350,313,353,313,347,256,353,253,376,238,401,250,406,274,413,297,400,302,391,287,371,275,350,258,402,287,397,249,449,258,436,269,428,277,428,284,426,297,428,309,438,305,451,297,458,283,462,268,462,256,460,266,448,281,446,293,443,292,434,279,435,266,438,280,441,271,391,216.9,357.3,232.7,354.4,234.2,360.7,218.4,363.6,320,342,304.5,344.5,305,351.5,320.5,349
i086qa-fn,0,177,348,176,384,183,417,189,452,204,476,227,495,245,513,279,521,310,513,331,498,349,481,366,454,374,415,378,386,379,360,372,336,356,318,333,318,309,329,334,332,354,329,192,325,215,309,236,311,258,324,235,325,214,320,216,351,232,342,252.3,353.8,232.8,359.8,233,349,352,359,332,348,312,359,331,362,330,355,270,351,265,385,248,407,259,417,282,421,302,417,313,408,298,384,291,351,268,412,296,413,242,453,256,441,271,436,280,438,289,437,306,442,319,453,309,466,298,472,281,474,265,471,250,465,263,455,281,455,300,455,300,450,281,450,263,450,281,452,283,400,224,346.5,242.2,347.9,242.6,356.8,224.4,355.4,342,353.5,322,353.5,321.5,360.5,341.5,360.5
i087qa-fn,0,142,366,143,397,146,423,150,446,168,488,191,511,224,523,262,524,292,515,315,499,336,474,351,439,351,406,348,373,340,339,325,314,307,300,286,300,265,313,288,307,306,309,156,330,172,317,190,315,215,322,191,325,173,325,173.5,362,189,348,207,356,191,365,191,357,307,342,292,335,277,345,292.4,351.7,291,344,229,350,227,381,214,406,224,413,248,411,271,405,281,397,258,374,254,347,230,405,263,401,214,453,223,435,240,428,249,425,258,423,276,424,290,439,283,454,271,464,255,471,237,472,222,466,234,452,251,451,268,448,267,439,250,439,234,444,252,445,244,389,181.3,355,198,352,199,360.5,182.2,363.5,299.5,338.5,284.5,340,284.7,348.4,299.7,346.9
i088qa-fn,0,161,370,163,399,163,428,169,455,185,486,208,507,237,517,266,522,299,515,324,500,343,478,353,453,357,419,356,393,353,368,329,354,313,343,295,340,280,348,296,350,312,349,192,354,206.6,342.1,229.9,341,243,350,227.4,349.7,210.3,349.8,204,368,218,361,235,371,219.6,375.8,218,368,318,367,304,359,288,371,305,375,303,367,252,366,250,394,230,414,240,425,266,427,288,422,294,410,276,391,273,365,247,417,279,415,231,457,243,444,256,440,267,441,276,440,287,446,299,455,293,465,280,472,265,473,250,472,239,467,249,456,267,456,281,456,281,452,267,451,249,454,267,454,266,409,211,364.5,226.5,366,227.3,373.4,211.8,371.9,311,363,296,365,296.5,373,311.5,371
i089qa-mn,0,157,287,153,316,153,342,156,373,172,404,195,420,216,442,242,446,276,442,304,425,325,401,334,374,338,350,341,322,339,289,327,277,308,266,289,265,266,278,290,277,308,275,173,273,191,262,213,264,235,276,212,274,192,271,192,286,208.4,277.8,225.2,287,207,290,208,284,309,290,293,281,279,289,293,295.4,293,288,239,283,236,313,220,333,230,344,247,345,266,346,274,333,260,311,259,284,234,336,260,337,211,372,224,366,237,363,246,364,255,363,267,368,279,376,269,384,258,384,245,385,231,382,222,381,230,372,245,375,261,375,261,372,246,370,230,370,246,372,248,326,200.2,281.9,216.8,282.4,216.1,288.5,199.5,288,301,285.5,286,285,286,292.2,301,292.7
i090qa-mn,0,160,312,154,342,155,369,156,397,168,439,201,470,234,475,278,473,311,467,342,456,363,431,369,396,373,365,371,336,365,304,349,286,330,272,311,272,289,287,312,286,329,286,186,292,205,278,229,276,254,286,230,289,207,290,207.5,311.5,227,302,246.1,308.6,227.4,315.6,226,306,332,307,315,298,298,307,315,313,314,305,263,303,262,331,247,360,255,366,279,366,299,365,305,352,290,327,283,302,263,358,293,357,237,402,253,388,268,379,279,385,289,377,302,386,315,399,305,409,293,411,280,412,262,411,249,407,259,397,279,399,297,396,297,393,279,393,259,394,279,395,278,344,217.2,306.7,236.6,305.3,236.7,312.1,217.4,313.5,323.5,302.5,306.5,302.5,306.5,310,323.5,310